[22.44412041 20.68165588  1.04483175],[23.06513214 20.90165901  0.51880878],[23.37792587 16.96110344  0.86419868]
[-11.55540371  25.5875988    0.97971404],[-11.18383598  25.61540794   0.9755761 ],[-10.48700047  26.10513306   0.6353848 ]
[-28.20269012   1.89112937   0.98005652],[-27.9136982    1.90692985   0.63289809],[-27.37329102   2.09934402   0.82963091]
[-26.06960487   9.86270237   0.97116178],[-26.79188538  10.42831707   0.99562383],[-27.50902176   7.74818516   0.64361733]
[29.45162773 -5.04526424  1.03050721],[30.14457321 -4.92135477  1.04845631],[30.1497612  -4.96233845  0.67346859]
[-22.05390358 -23.08063126   1.09426641],[-21.75878716 -23.06341171   1.08838153],[-21.67404556 -23.13241959   0.69542634]
[-16.5843029    1.8010112    0.57861847],[-15.92122078   1.75543034   0.3642467 ],[-15.86805248   1.76336229   0.44421992]
[-14.57800674 -15.78419399   0.70705271],[-14.14590359 -16.08200455   0.27924496],[-13.87858486 -16.22688293   0.04035644]
[ 3.73334217 11.58604908  0.39029518],[ 3.84753299 11.56207943  0.39029554],[ 3.88894057 11.56108952  0.39029586]
[ 16.72390366 -10.65214729   0.6619941 ],[ 17.43791389 -10.57928753   0.67490703],[17.34930038 -9.58980846  0.41057041]
[ 5.56777287 -9.20121288  0.37506735],[ 5.54320526 -9.22519493  0.37508002],[ 7.30526352 -8.8020134   0.24757969]
[ 9.0349617  -8.70759869  0.4022308 ],[ 9.40311623 -9.0715189   0.19030559],[ 9.52776051 -9.0155735   0.34326488]
[46.43349075 -3.6762991   1.48893476],[47.10607147 -3.58135033  1.50690639],[46.15047836 -3.64631486  0.67592859]
[-50.11641312 -49.93939972   2.15433455],[-49.17905426 -50.49563217   1.81486332],[-49.32045364 -50.27087021   1.27875531]
[-14.01847935  17.3885498    0.71446854],[-13.62021923  17.50131607   0.71131849],[-13.39832592  19.80433273   0.75158679]
[-14.13409328  17.36462212   0.71551383],[-13.62021923  17.50131607   0.71131849],[-13.39832592  19.80433273   0.75158679]
[-21.50806808 -22.86825562   0.9304496 ],[-21.75878716 -23.06341171   1.08838153],[-21.67404556 -23.13241959   0.69542634]
[-16.53720093   1.81499767   0.45459637],[-15.92122078   1.75543034   0.3642467 ],[-15.94879913   1.81450713   0.18127684]
[ -9.76491833 -14.14017487   0.47743323],[ -8.53906155 -13.86254215   0.37873337],[ -8.46405792 -13.71447277   0.46074003]
[ -6.98876429 -18.09628487   0.51043701],[ -6.56444931 -17.56510544   0.27247021],[ -6.61104059 -17.52112198   0.27245763]
[ 3.94417381 11.65708733  0.32829785],[ 3.88894057 11.56108952  0.39029586],[ 3.84753299 11.56207943  0.39029554]
[-7.26473045 -8.17592239  0.32570341],[-6.60729551 -8.24869823  0.12686455],[-6.5547452  -8.23666191  0.19587605]
[-62.76281357  -8.02157784   1.63521314],[-64.9381485   -6.79488325   1.98955786],[-60.15485764  -7.49514437   1.57648146]
[74.32630157 -1.86123943  1.90241826],[73.7450943  -1.7302916   1.88838923],[73.90317535 -1.77527475  1.33239925]
[-21.55164528  12.99785328   0.5902974 ],[-21.06546783  12.97045803   0.58405089],[-21.25621605  13.9156456    0.4652864 ]
[39.72980499 -4.13699198  0.81610608],[40.39917755 -4.01506186  0.82606703],[41.20684814 -3.99009037  0.33805364]
[-16.48839188   1.79396915   0.37056452],[-15.92122078   1.75543034   0.3642467 ],[-15.94879913   1.81450713   0.18127684]
[ -9.64877129 -13.92010403   0.38544586],[ -8.53906155 -13.86254215   0.37873337],[ -8.46405792 -13.71447277   0.46074003]
[-7.19974327 -8.10488796  0.24771771],[-6.60729551 -8.24869823  0.12686455],[-6.5547452  -8.23666191  0.19587605]
[14.88820267 -2.85682487  0.36115536],[15.36006927 -3.16863728  0.25726208],[15.53473091 -2.80391502  0.36810818]
[-0.34144473 -9.67732239  0.19725542],[-0.43805262 -9.64031315  0.13626146],[-0.45093387 -9.74030876  0.19727291]
[ 1.05658579 -9.51562595  0.19804759],[ 0.97276205 -9.49461269  0.1370578 ],[ 0.91774631 -9.63358307  0.19708726]
[40.4683876  -4.08602858  0.82708573],[40.39917755 -4.01506186  0.82606703],[41.20684814 -3.99009037  0.33805364]
[-50.1461525  -50.15356827   1.28536534],[-49.32045364 -50.27087021   1.27875531],[-49.33930969 -50.31894684   0.91775674]
[-12.21410084  17.90457153   0.42580649],[-11.87500095  17.53139305   0.1746106 ],[-11.54172516  17.92020035   0.4215425 ]
[-10.56928539  24.43011665   0.47617182],[-9.95445919 24.45176315  0.80894762],[-11.18383598  25.61540794   0.9755761 ]
[10.76903343  8.81206226  0.24796963],[11.40229034  8.85318661  0.25000918],[11.44424629  8.89616299  0.42600378]
[-16.47123146   1.81698227   0.25756097],[-15.94879913   1.81450713   0.18127684],[-15.92122078   1.75543034   0.3642467 ]
[ -9.69747543 -13.93715096   0.26643384],[ -8.53906155 -13.86254215   0.37873337],[ -8.47001648 -13.74252605   0.18674077]
[ 3.96220136 11.69509697  0.18329863],[ 3.76259589 11.57608604  0.10629518],[ 4.563416   11.54926205  0.24230513]
[-1.89923203 12.27541447  0.18373294],[-1.38008833 12.21741676  0.02964945],[-1.3587538  12.28041077  0.10565577]
[-7.26940155 -8.27897453  0.19470577],[-6.60729551 -8.24869823  0.12686455],[-6.5547452  -8.23666191  0.19587605]
[48.3612709  -3.74329472  0.69794112],[48.68348694 -3.48042059  0.13187215],[49.36684799 -3.66534042  0.70791584]
[-50.07130432 -50.4245491    0.92345411],[-49.33930969 -50.31894684   0.91775674],[-49.32045364 -50.27087021   1.27875531]
[-11.83380032  15.6381855    0.26827797],[-11.37925339  15.88293266   0.40313959],[-11.25287724  15.60987377   0.17704313]
[-30.23331642  23.32872963   0.33600321],[-29.88745308  24.18025589   1.08792293],[-32.55876923  22.37564278   0.81609482]
[36.21128082 -1.44627345  0.32139182],[36.60778809 -1.32633507  0.76535767],[36.9273262  -1.76611924  0.32347646]
[16.4256115  -8.52527523  0.26826566],[16.41261482 -8.51927567  0.26826456],[15.96676826 -9.0609026   0.2675004 ]
[-16.67941666   1.82219803   0.18067543],[-15.94879913   1.81450713   0.18127684],[-15.92122078   1.75543034   0.3642467 ]
[ -9.68597031 -14.05217361   0.18544731],[ -8.53906155 -13.86254215   0.37873337],[ -8.47001648 -13.74252605   0.18674077]
[-7.22301054 -8.17494011  0.12371407],[-6.60729551 -8.24869823  0.12686455],[-6.5547452  -8.23666191  0.19587605]
[14.97383404 -2.82985473  0.18414074],[15.36006927 -3.16863728  0.25726208],[15.53473091 -2.80391502  0.36810818]
[ 9.13372135 -8.7656126   0.11123603],[ 9.40311623 -9.0715189   0.19030559],[ 9.44969273 -9.06053734  0.19029404]
[-23.66116333  35.20240021   0.34818172],[-23.79836655  35.29053116   0.14925571],[-23.55880928  35.61024094   0.8631838 ]
[34.7608757  13.81029415  0.32184121],[35.19009018 13.91627026  0.3228285 ],[37.31703568 13.77043152  0.80988342]
[39.95989227 -4.18497658  0.33411717],[40.39917755 -4.01506186  0.82606703],[41.20684814 -3.99009037  0.33805364]
[-50.096241   -50.67763519   0.42749476],[-49.26032257 -50.46695709   0.42582157],[-49.33930969 -50.31894684   0.91775674]
[ 23.27891731 -11.62846279   0.16984281],[ 23.80464363 -11.40761471   0.29374129],[ 2.38887272e+01 -1.14596081e+01  7.53215631e-04]
[10.84607983  8.8670578   0.09196499],[11.40229034  8.85318661  0.25000918],[11.46516705  8.92315674  0.35200003]
[36.46789551 -1.3503238   0.15036471],[37.09168625 -1.31434596  0.14935291],[36.9273262  -1.76611924  0.32347646]
[-7.22280312 -8.15094662  0.05571332],[-6.60729551 -8.24869823  0.12686455],[-6.54568005 -8.22769356 -0.01412214]
[14.9458046  -2.82086039  0.08713822],[15.36006927 -3.16863728  0.25726208],[15.53473091 -2.80391502  0.36810818]
[-1.14021397 -9.64923191  0.07532158],[-0.43805262 -9.64031315  0.13626146],[-0.45093387 -9.74030876  0.19727291]
[ 8.35017586 -9.05723     0.03847814],[ 8.46542454 -9.21218586  0.03551384],[ 8.24777985 -9.28808212  0.03657893]
[47.07032776 -3.66232109  0.13392745],[47.71870041 -3.48740768  0.13287887],[45.82453918 -3.63931775  0.13592869]
[-50.13156128 -51.40466309   0.09062705],[-49.2708931  -51.48693848   0.09202235],[-49.01519775 -51.17269135   0.42707151]
[-11.80333328  15.5051918    0.05424296],[-11.26684856  15.64390659   0.05505445],[-11.25287724  15.60987377   0.17704313]
[-12.15717697  27.71416473  -0.02975005],[-12.00296402  27.97306442   0.16122663],[-12.20124912  28.15515327   0.3053292 ]
[-44.81484604   0.07602027  -0.12888061],[-44.41456985   0.14361116  -0.12609734],[-44.43198013   0.33066508  -0.39706135]
[1.08371277e+01 8.85106945e+00 4.96737566e-03],[11.40229034  8.85318661  0.25000918],[11.54573536  8.89820194  0.08701075]
[39.38018417 -0.35282823 -0.10490772],[40.05756378 -0.1709173  -0.10995559],[39.99831009 -0.09395456 -0.35497558]
[-7.2549181  -8.2089901  -0.02329294],[-6.5944128  -8.25873089 -0.07013229],[-6.57243013 -8.23572731 -0.13312793]
[ -9.62840366 -13.83515358  -0.02755602],[ -8.53906155 -13.86254215   0.37873337],[ -8.47001648 -13.74252605   0.18674077]
[ 7.3421483  -9.08490562 -0.03332712],[ 7.20550728 -8.96492195 -0.08834303],[ 7.37538767 -8.89500904 -0.0314006 ]
[-6.41501093 -9.26690674 -0.02906283],[-6.07184315 -9.02974606 -0.1440023 ],[-5.87273026 -9.16369915 -0.07696117]
[-46.82429123 -48.5582428   -0.33149162],[-46.72407532 -49.37608719  -0.33528528],[-46.78327179 -49.52004623   0.09771746]
[-48.64066696 -50.11361694  -0.35097691],[-48.35957336 -50.77232361  -0.35272154],[-48.40578461 -50.90727234   0.09328521]
[-6.71817589 17.45401001 -0.0572428 ],[-6.68971634 17.21097565 -0.05329166],[-6.41258335 17.65588188  0.17569567]
[ -3.03972149 -22.56526947  -0.1065148 ],[ -2.91113853 -21.96128273  -0.64456433],[ -1.59842026 -22.17791367  -0.50040448]
[ 23.17870903 -11.53151226  -0.15318246],[ 23.89656258 -11.42563152  -0.16125813],[ 2.38887272e+01 -1.14596081e+01  7.53215631e-04]
[36.27193069 -1.62618577 -0.30255911],[36.90155792 -1.82809067 -0.31150651],[37.00596237 -1.66717064 -0.08555088]
[10.88725948  8.87207508 -0.09403283],[11.40229034  8.85318661  0.25000918],[11.54573536  8.89820194  0.08701075]
[-7.29169321 -8.22602177 -0.0823018 ],[-6.5944128  -8.25873089 -0.07013229],[-6.57243013 -8.23572731 -0.13312793]
[ -9.61053276 -13.85016632  -0.14654973],[ -8.47001648 -13.74252605   0.18674077],[ -8.53906155 -13.86254215   0.37873337]
[ 3.35013437  5.58807421 -0.05341588],[ 3.96705222  5.47156572 -0.18724149],[ 4.00087738  5.53553724 -0.10724808]
[ 7.89677763 -9.28998566 -0.10635791],[ 7.89321852 -9.34495735 -0.107338  ],[ 7.80075121 -9.17601109 -0.10338062]
[40.11869812 -4.13800764 -0.35889709],[40.99489975 -3.98409343 -0.1179463 ],[41.39164734 -3.94112182 -0.37596107]
[-37.90411758 -38.5707283   -0.55757451],[-36.73423767 -38.69789124  -1.19404709],[-36.42943192 -38.99150467  -0.54686189]
[-27.82445145  15.09529495  -0.444213  ],[-27.25378609  15.00583839  -0.59152025],[-27.18850899  15.02174854  -0.43255198]
[25.54079628  1.98985147 -0.33259273],[25.0825901   1.99383962 -0.32359815],[2.49953632e+01 2.22470164e+00 7.33364373e-03]
[-32.76980591   9.57017422  -0.49329251],[-32.11698532  10.19641018  -0.04756407],[-32.09089279   9.96735954   0.16439217]
[-29.12277412   2.42931747  -0.39233947],[-28.26558495   2.22349405  -0.37485129],[-28.53616524   1.58475769  -0.18281072]
[-0.1274597  13.93946457 -0.16228625],[-0.01624244 14.45745277 -0.1012382 ],[-0.0858863  14.47647476 -0.2622264 ]
[-0.03970235 13.84246349 -0.16030928],[-0.10849531 13.34044456  0.01463834],[-0.01624244 14.45745277 -0.1012382 ]
[-7.25868273 -8.18900967 -0.1472946 ],[-6.5944128  -8.25873089 -0.07013229],[-6.57243013 -8.23572731 -0.13312793]
[-6.39137506 -9.2969265  -0.15605691],[-6.07184315 -9.02974606 -0.1440023 ],[-5.87273026 -9.16369915 -0.07696117]
[-1.17079091 -9.68825722 -0.10267321],[-0.44687715 -9.72935486 -0.16572857],[-0.44585434 -9.6833601  -0.22273335]
[-18.58399963  40.93527985  -0.7293604 ],[-17.4684906   40.25363159  -0.93091804],[-21.58576965  40.11025238  -1.24215937]
[-44.56185913  -0.18172602  -0.75336975],[-44.38296509  -0.74345195  -0.74906904],[-44.43198013   0.33066508  -0.39706135]
[31.87639999 -4.66556263 -0.46864989],[32.25798035 -4.61859751 -0.47666967],[31.39939499 -4.59558439 -0.45866323]
[ -3.80459714 -21.79450798  -0.36669225],[ -2.91113853 -21.96128273  -0.64456433],[ -1.59842026 -22.17791367  -0.50040448]
[16.00379372 -8.62617397 -0.26466119],[16.09115601 -8.57721615 -0.26568672],[15.93583012 -8.59418678 -0.3696669 ]
[10.92643547  8.876091   -0.25203064],[11.54648876  8.92920399 -0.26799524],[11.57491589  8.89122295 -0.10498578]
[-16.57994652   1.78321815  -0.3173885 ],[-16.10868645   1.55276656  -0.40570381],[-16.07286453   1.53575253  -0.49772778]
[ -9.8144474  -14.18534756  -0.34757656],[-10.78666496 -13.08481598  -0.65296733],[-10.69116497 -12.85175037  -0.74895984]
[-7.26189232 -8.22503281 -0.22129418],[-6.5944128  -8.25873089 -0.07013229],[-6.57243013 -8.23572731 -0.13312793]
[ 3.33965945  5.5171175  -0.12740496],[ 3.96705222  5.47156572 -0.18724149],[ 3.98363256  5.53253698 -0.22725144]
[-19.01204681  40.97357559  -0.96417308],[-17.4684906   40.25363159  -0.93091804],[-21.58576965  40.11025238  -1.24215937]
[32.85958099 13.40839386 -0.72511566],[32.88438797 13.4793644  -0.72612798],[32.88376999 13.35542583 -0.93610579]
[-25.20434189 -26.13930702  -0.74649709],[-24.79551125 -26.20402908  -0.95531887],[-24.66335106 -26.39988327  -0.74123186]
[39.98371506 -4.12701464 -0.84189886],[40.99489975 -3.98409343 -0.1179463 ],[41.39164734 -3.94112182 -0.37596107]
[15.91704559 -8.61617088 -0.36965719],[15.93583012 -8.59418678 -0.3696669 ],[15.73867416 -8.61414433 -0.36464205]
[-32.95500183   8.73751354  -0.86530107],[-32.77513123   8.36419678  -0.04844826],[-32.1804924    8.20974922  -0.47479242]
[23.03103828 -2.44352341 -0.53520477],[23.56142235 -2.39056849 -0.29023007],[23.66767311 -2.62443519 -0.55615491]
[10.93205357  8.93506432 -0.34604147],[11.54648876  8.92920399 -0.26799524],[11.55634499  8.95520115 -0.45299962]
[-16.75534248   1.53838646  -0.42935416],[-16.10868645   1.55276656  -0.40570381],[-16.07286453   1.53575253  -0.49772778]
[-5.39064837 13.54120636 -0.35730439],[-4.91387987 13.77509117 -0.2633878 ],[-4.77761984 13.53505516 -0.43446526]
[-1.15989161 -9.68027306 -0.22567455],[-0.44585434 -9.6833601  -0.22273335],[-0.44687715 -9.72935486 -0.16572857]
[12.33596039 -4.20850706 -0.29511064],[12.99738312 -4.15864468 -0.22918516],[12.99825764 -4.14465904 -0.40019131]
[31.75735855 13.30937767 -0.90211576],[31.92856216 13.32138252 -0.90811509],[32.88438797 13.4793644  -0.72612798]
[-21.87682724  38.86544037  -1.21118283],[-21.35383034  38.28313828  -1.47348773],[-21.8037014   38.48552322  -2.00326228]
[35.84547043 -4.44578028 -0.94976771],[35.91903305 -4.3378334  -0.73679918],[36.48405075 -4.40881252 -0.96978563]
[-25.11698914 -25.88228607  -0.95550567],[-24.79551125 -26.20402908  -0.95531887],[-24.66335106 -26.39988327  -0.74123186]
[ -3.09230876 -17.49410057  -0.47604114],[ -3.04155326 -16.42107201  -0.82713842],[ -2.13695288 -16.5309124   -1.02305532]
[14.56292057 -8.71289825 -0.44449389],[14.52413654 -8.72088718 -0.44348702],[14.68728542 -8.69493008 -0.44851294]
[10.91108704  8.91107655 -0.42903849],[11.54641628  8.93521404 -0.53599644],[11.55634499  8.95520115 -0.45299962]
[30.93820763 -4.71551418 -1.00061977],[30.86499786 -4.65554333 -0.99763662],[31.32869148 -4.65056229 -1.20264566]
[-7.23576164 -8.18002129 -0.28628901],[-6.5944128  -8.25873089 -0.07013229],[-6.57243013 -8.23572731 -0.13312793]
[15.0683136  -2.90082002 -0.47683418],[15.53587246 -2.81692052 -0.68788666],[15.64406967 -2.86089396 -0.5018732 ]
[-1.15197217 -9.67228031 -0.28167573],[-0.45964128 -9.75538349 -0.39672467],[-0.43694946 -9.65136623 -0.27673748]
[22.43972015 21.4585228  -1.00022495],[23.04808998 21.18466187 -1.19621277],[23.10730171 20.80778122 -1.00218427]
[-22.45125389  39.39086914  -1.53086126],[-22.0458889   39.66464615  -1.80100942],[-21.89707184  39.86050415  -1.53705168]
[-21.10787392 -22.57931328  -0.99343842],[-20.88754082 -22.98814964  -0.99928707],[-21.07112312 -23.03124809  -0.79935205]
[31.8353653  -4.64757729 -1.03465462],[31.75115395 -4.58460665 -1.03067195],[31.79727173 -4.61859274 -1.22366261]
[-26.82566452  -6.3197341   -1.04255199],[-27.13316536  -6.22595119  -0.70274228],[-27.20620537  -6.23398161  -0.53677917]
[14.42047882 -8.70688152 -0.5394817 ],[14.4522686  -8.69589233 -0.54048908],[14.52413654 -8.72088718 -0.44348702]
[23.31233597 -2.52448606 -0.83818233],[23.71366882 -2.44854188 -0.71321326],[23.70996475 -2.68040609 -0.85613722]
[10.8767786   8.92606449 -0.51004398],[11.54641628  8.93521404 -0.53599644],[11.54652786  8.9172287  -0.62899292]
[-16.66005135   1.57434416  -0.61739731],[-16.10868645   1.55276656  -0.40570381],[-16.07286453   1.53575253  -0.49772778]
[-1.14007819 -9.64428711 -0.34267882],[-0.45964128 -9.75538349 -0.39672467],[-0.44577962 -9.67238998 -0.45973444]
[ 9.25746155 -6.19030762 -0.41984171],[ 9.47914696 -6.10843468 -0.48791385],[ 9.54704094 -6.23836756 -0.63086665]
[22.4690609  20.98368835 -1.17119133],[22.72434425 20.75380325 -1.54517639],[23.06345749 21.06470299 -1.19320381]
[-22.68641663  39.63807297  -1.81372547],[-22.0458889   39.66464615  -1.80100942],[-21.89707184  39.86050415  -1.53705168]
[30.99932289 -4.7505002  -1.18861043],[30.86499786 -4.65554333 -0.99763662],[31.32869148 -4.65056229 -1.20264566]
[-21.30954933 -22.75449753  -1.19049013],[-20.88754082 -22.98814964  -0.99928707],[-21.07112312 -23.03124809  -0.79935205]
[-20.21382141 -21.78970909  -1.29721189],[-19.99378014 -22.26151848  -1.13405323],[-20.06977272 -22.39860725  -1.31406152]
[ -3.11581469 -17.22111893  -0.67106968],[ -3.04155326 -16.42107201  -0.82713842],[ -2.13695288 -16.5309124   -1.02305532]
[10.90926743  8.88010311 -0.60003269],[11.54652786  8.9172287  -0.62899292],[11.54641628  8.93521404 -0.53599644]
[24.37156105 -2.31164241 -1.02426672],[24.79126167 -1.92087996 -1.04439688],[23.71366882 -2.44854188 -0.71321326]
[-1.17968583 -9.76530266 -0.40166637],[-0.45964128 -9.75538349 -0.39672467],[-0.44679448 -9.77740192 -0.51472366]
[-5.4688158  13.97032356 -0.64320576],[-4.91834927 13.99018383 -0.71234864],[-4.88722372 13.9431591  -0.63136494]
[ 3.31000328  5.53109789 -0.25041509],[ 3.94326591  5.50853682 -0.35125554],[ 3.97508001  5.56951904 -0.39726168]
[ 3.32240129  5.51211834 -0.24940835],[ 3.94326591  5.50853682 -0.35125554],[ 3.96671295  5.49856472 -0.43224773]
[22.37178421 21.34557724 -1.35721624],[23.04808998 21.18466187 -1.19621277],[22.72434425 20.75380325 -1.54517639]
[-21.91779709  37.57159042  -1.96632361],[-21.09095383  37.48904037  -1.94270313],[-21.50155258  38.24636078  -2.26342654]
[-20.33838654 -21.78480148  -1.30126154],[-19.99378014 -22.26151848  -1.13405323],[-20.06977272 -22.39860725  -1.31406152]
[-20.7087574  -22.03807831  -1.32336712],[-20.06977272 -22.39860725  -1.31406152],[-19.99378014 -22.26151848  -1.13405323]
[ -2.17533684 -15.94684505  -0.70311588],[ -1.90068424 -15.97579765  -0.70209616],[ -3.04155326 -16.42107201  -0.82713842]
[-18.50768661 -20.18246651  -1.35479772],[-18.3441925  -20.9073658   -1.37862837],[-17.7493782  -20.49793053  -1.33846545]
[10.96096611  8.96607113 -0.68104517],[11.31263161  9.1530695  -1.05905473],[11.55331326  8.95122147 -0.8109991 ]
[24.086586   -1.92486346 -1.16238821],[24.42507935 -1.49012518 -1.17953086],[24.44375992 -1.43216002 -1.3105495 ]
[14.96339226 -2.88882399 -0.73783475],[15.07339287 -2.90882254 -1.0278312 ],[14.83532524 -2.96975923 -1.09579611]
[-5.55734825 14.02536964 -0.72817171],[-4.91834927 13.99018383 -0.71234864],[-4.88722372 13.9431591  -0.63136494]
[ 3.35525632  5.58010101 -0.28741309],[ 3.94326591  5.50853682 -0.35125554],[ 3.97508001  5.56951904 -0.39726168]
[ 5.47671556 -6.46363354 -0.4129093 ],[ 5.7892046  -6.58470869 -0.4349409 ],[ 5.16407585 -6.30957842 -0.48988786]
[25.27688026 12.85713291 -1.40716183],[26.21251678 12.92016983 -1.10215211],[26.36376381 12.92818451 -1.27715027]
[-20.83316612  35.18589401  -2.09510493],[-20.34317207  35.09560394  -2.29233432],[-20.31729126  35.05763245  -2.57035041]
[-18.67837715 -20.30159378  -1.3658452 ],[-18.3441925  -20.9073658   -1.37862837],[-17.7493782  -20.49793053  -1.33846545]
[31.61759186 -2.28580189 -1.58834648],[31.09028435 -1.70809793 -1.55651081],[30.81277275 -3.89494228 -1.3538636 ]
[-31.71160889  13.06218624  -1.88842046],[-31.06607056  12.96360207  -1.84977627],[-31.08220482  12.96466732  -2.08276772]
[-35.88529587   5.5829196   -2.0091176 ],[-36.40383911   5.08548975  -2.03589869],[-35.29270172   3.26061964  -1.95477474]
[22.58719444 -6.06338644 -1.23997247],[23.233181   -5.86853886 -1.14806235],[23.25862122 -6.32128191 -1.00291097]
[14.78233242 -2.84684157 -0.83084434],[14.83532524 -2.96975923 -1.09579611],[14.83124542 -2.84485221 -1.18384719]
[-5.24580383 -9.10457897 -0.57785898],[-4.98303318 -9.52060795 -0.59480977],[-4.92048073 -9.47558117 -0.58980286]
[ 3.31262112  5.47314167 -0.32140324],[ 3.94326591  5.50853682 -0.35125554],[ 3.96671295  5.49856472 -0.43224773]
[ 2.6739068  -6.91085196 -0.38389355],[ 2.66568279 -6.70793056 -0.49895093],[ 2.56844449 -6.7078805  -0.58591872]
[-20.84725761  35.19894028  -2.313097  ],[-20.34317207  35.09560394  -2.29233432],[-20.31729126  35.05763245  -2.57035041]
[24.86002731  2.08079219 -1.51562572],[24.68746948  1.79295349 -1.19754267],[24.41073799  1.90988052 -1.3135798 ]
[-3.02662992 16.94301414 -0.98233396],[-2.4278636  16.55387115 -0.95052618],[-2.19964409 16.89783287 -0.85252583]
[-12.93549347  21.8005619   -1.53129947],[-12.36457157  21.63524628  -1.62455297],[-12.84166431  22.30158615  -1.8522625 ]
[22.21665192 -5.86947441 -1.37502432],[22.22929955 -5.46570253 -1.08816314],[22.39582443 -5.24684572 -1.37624371]
[-16.82669067   2.21564078  -0.93914807],[-16.9605732    2.37282872  -1.14203787],[-17.18674469   2.37601852  -1.0479151 ]
[-16.78870583   1.53655732  -1.01133657],[-16.61610985   1.6054678   -1.29741359],[-16.03957176   1.48984969  -1.05975795]
[-7.28674936 -8.25812531 -0.6202994 ],[-6.5784936  -8.27782154 -0.58612823],[-6.53561544 -8.24481869 -0.71511948]
[-5.06838465 -8.87748432 -0.62483865],[-4.736166   -9.22949791 -0.69678646],[-4.69251871 -9.19847012 -0.631782  ]
[15.02651691 -2.68298316 -0.92092133],[15.12575817 -2.84487343 -1.03085923],[15.15116978 -2.66400909 -1.1189338 ]
[ 3.34649825  5.54012632 -0.36540765],[ 3.94326591  5.50853682 -0.35125554],[ 3.96671295  5.49856472 -0.43224773]
[ 9.22552299 -5.8855319  -0.66897398],[ 9.55880642 -5.93158674 -0.48700574],[ 9.69678402 -5.91564369 -0.628034  ]
[19.83793449 19.01217842 -1.69801915],[20.63143349 19.01621437 -1.21302283],[22.72434425 20.75380325 -1.54517639]
[-20.90581894  35.05602264  -2.59008861],[-20.31729126  35.05763245  -2.57035041],[-20.34317207  35.09560394  -2.29233432]
[26.60137939 -1.08039069 -1.62867284],[26.01055336  0.08794987 -1.58802664],[28.5954895  -1.40023458 -1.5675869 ]
[27.10155106 -0.93147898 -1.66272044],[26.01055336  0.08794987 -1.58802664],[28.5954895  -1.40023458 -1.5675869 ]
[-30.44387436   9.58337688  -2.11654639],[-30.70106316   9.61261654  -2.13440394],[-27.90236473   8.81709576  -2.11201596]
[-29.42274666   6.55864859  -1.98552513],[-30.35709763   8.05738449  -1.92580271],[-27.67180252   7.52595854  -2.06432867]
[ -2.73277164 -16.17301178  -1.00413501],[ -3.04155326 -16.42107201  -0.82713842],[ -2.04852939 -16.27487946  -1.00307512]
[21.53864861 -5.35372734 -1.43017614],[22.22929955 -5.46570253 -1.08816314],[22.39582443 -5.24684572 -1.37624371]
[ 4.4684763   7.01594067 -0.52442652],[ 4.94285679  7.32101107 -0.62139714],[ 5.00867844  6.83331203 -0.642308  ]
[-4.91439629 -8.75942421 -0.66882002],[-4.58012247 -9.08043575 -0.73977184],[-4.60108995 -9.11443901 -0.68177342]
[ 3.30566525  5.45615387 -0.39540169],[ 3.9331944   5.49854994 -0.51725566],[ 3.93918347  5.50854349 -0.4752565 ]
[-2.90760231 -7.35478115 -0.52969432],[-2.3970387  -7.40783119 -0.56770915],[-2.36446786 -7.38782883 -0.56471097]
[-23.95153236 -10.97101307  -1.76590335],[-23.83103943 -11.84287643  -1.78464901],[-22.78285789 -10.6710186   -1.84439397]
[22.9613781   0.10793487 -1.64103436],[22.35058022  0.07095661 -1.5920229 ],[24.30245018  0.10094067 -1.59003139]
[-22.58628845  18.49819756  -2.11641836],[-22.03017044  18.384758    -2.07670498],[-22.02657318  18.25069237  -1.74472487]
[-13.69995689  22.72411346  -1.91485178],[-13.36283016  22.97393036  -1.9189527 ],[-13.36001682  22.9259491   -2.06696081]
[20.54073906 -5.1227951  -1.49321854],[22.22929955 -5.46570253 -1.08816314],[22.39582443 -5.24684572 -1.37624371]
[21.43201447 -3.73269153 -1.54173458],[21.4879055  -3.39689827 -1.541852  ],[22.69584846 -3.74974203 -1.49076104]
[22.99720573 -0.0359783  -1.64398861],[22.35058022  0.07095661 -1.5920229 ],[24.30245018  0.10094067 -1.59003139]
[15.18253994 -2.59606123 -1.11996257],[15.15116978 -2.66400909 -1.1189338 ],[15.1645174  -2.59006572 -1.20996428]
[-4.81891012 -8.66638565 -0.71780932],[-4.58012247 -9.08043575 -0.73977184],[-4.60108995 -9.11443901 -0.68177342]
[-2.71583366 -7.22275734 -0.5616976 ],[-2.3970387  -7.40783119 -0.56770915],[-2.36446786 -7.38782883 -0.56471097]
[-21.39029884  -9.98779964  -1.71986008],[-21.58645058  -9.68000507  -1.8620224 ],[-21.20796585  -9.59367085  -1.82885504]
[21.29632568  0.10893181 -1.63003588],[20.84853935  0.07295384 -1.59102416],[22.33540726 -0.06895781 -1.59097767]
[-22.40954971  17.85108948  -2.23559189],[-21.92471886  18.17867279  -2.05978441],[-22.02657318  18.25069237  -1.74472487]
[15.42811966 -2.5880847  -1.14097464],[15.33174896 -2.64603567 -1.13394785],[15.29832935 -2.59107327 -1.12996888]
[20.54449081 -3.33988833 -1.58584809],[20.32096481 -2.91314411 -1.56099284],[21.4879055  -3.39689827 -1.541852  ]
[-17.37576103   1.6022085   -1.36599898],[-17.54434204   2.15749526  -1.71677363],[-16.84447861   2.17784381  -1.74314785]
[-17.57354164   2.47146964  -1.39368403],[-17.54434204   2.15749526  -1.71677363],[-16.94068146   2.49791646  -1.54701865]
[ -3.57336259 -13.01892471  -1.04047275],[ -3.63240552 -12.85191631  -1.0274899 ],[ -3.61955857 -12.85190201  -0.94748873]
[ 3.22031093  5.44610691 -0.47142172],[ 3.9331944   5.49854994 -0.51725566],[ 3.93918347  5.50854349 -0.4752565 ]
[-2.62959194 -7.11773872 -0.59669995],[-2.31579375 -7.29881716 -0.60271454],[-2.3970387  -7.40783119 -0.56770915]
[20.00962448  0.05696321 -1.63801932],[19.66624832 -0.0369759  -1.60598731],[20.84853935  0.07295384 -1.59102416]
[-25.06351852  19.86521339  -2.52001762],[-24.52587891  20.19777298  -2.50324273],[-23.69789505  19.88611221  -2.43169093]
[-13.99917698  23.09036446  -2.266675  ],[-13.87792492  23.71335602  -2.48363471],[-13.33190441  22.94496155  -2.2239697 ]
[-22.90134811  20.79351234  -2.61496305],[-23.35618401  20.59679985  -2.27276683],[-23.23716927  20.49167061  -2.05883861]
[19.38951302 -3.00903893 -1.59993553],[19.23514557 -2.49236488 -1.57911801],[20.32096481 -2.91314411 -1.56099284]
[-12.32081699 -13.61495876  -1.50241423],[-12.0184288  -14.33184052  -1.53223431],[-11.47234249 -13.33741093  -1.54316103]
[ 2.00220394e+01 -5.99612854e-03 -1.63899803e+00],[19.66624832 -0.0369759  -1.60598731],[20.84853935  0.07295384 -1.59102416]
[ 2.97205997  8.61164951 -0.76075   ],[ 3.40254354  8.62181664 -0.77770907],[ 3.46270037  8.53887272 -0.83369988]
[-4.47229385 -8.38825321 -0.80077273],[-4.11745167 -8.68326473 -0.80973399],[-4.26442957 -8.82131672 -0.76874465]
[ 3.33804798  5.56811666 -0.53241509],[ 3.9331944   5.49854994 -0.51725566],[ 3.93918347  5.50854349 -0.4752565 ]
[ 3.37966347  5.57514048 -0.53540611],[ 3.9331944   5.49854994 -0.51725566],[ 3.93918347  5.50854349 -0.4752565 ]
[-22.88837051  21.04650116  -2.62993646],[-22.20787621  21.19897461  -2.59524536],[-23.35618401  20.59679985  -2.27276683]
[18.74747849  0.0739506  -1.6410259 ],[18.46527672  0.10093202 -1.61403549],[19.64141464  0.0869433  -1.60402966]
[-3.02789044 16.32004166 -1.42942739],[-2.54568672 16.07294273 -1.4985714 ],[-2.31052327 16.28989983 -1.41658986]
[-19.52537346  21.01799393  -2.59353828],[-18.34195518  21.70116615  -2.56898713],[-18.2994976   21.79014015  -2.57299399]
[-11.33271599 -12.57123184  -1.47919369],[-10.82038403 -12.91996288  -1.46999395],[-10.67901993 -12.85785103  -1.34895551]
[ -7.80794859 -11.34009457  -1.16427195],[ -6.98206997 -11.4207859   -1.38007808],[ -6.85836124 -11.25068855  -1.27406168]
[14.68884373 -2.43314815 -1.25901103],[14.71493721 -2.6739707  -1.26591277],[14.45619202 -2.43313193 -1.32700241]
[18.77830887 -0.04397065 -1.64398468],[ 1.84641075e+01 -1.49899023e-02 -1.61299479e+00],[19.64141464  0.0869433  -1.60402966]
[-4.24193764 -8.19416428 -0.83275169],[-3.80596471 -8.42515945 -0.83271456],[-3.89647269 -8.54720402 -0.84971893]
[ 3.33864522  5.5091567  -0.56640369],[ 3.9331944   5.49854994 -0.51725566],[ 3.93918347  5.50854349 -0.4752565 ]
[-2.29902744 -6.92873096 -0.65971684],[-2.27226138 -7.24880886 -0.59571755],[-2.03394198 -7.17783022 -0.63073599]
[ 6.81861782 -3.18711805 -0.67295027],[ 7.3546586  -3.05144858 -0.81112397],[ 7.47182798 -3.04649043 -0.82514548]
[-19.63726616  20.87507248  -2.59150577],[-18.34195518  21.70116615  -2.56898713],[-18.2994976   21.79014015  -2.57299399]
[17.7552948   0.09493472 -1.65303409],[17.44832611 -0.04297017 -1.62098444],[18.46527672  0.10093202 -1.61403549]
[-6.96202469 15.39913082 -1.55551434],[-6.66599417 15.40203667 -1.65360534],[-7.29856634 16.45737076 -1.56022549]
[-20.14929581  13.32730579  -2.28934789],[-18.78073692  12.82221508  -2.29009366],[-21.22826767  14.75417995  -2.30860519]
[14.38644695 -2.56003094 -1.32194674],[14.45619202 -2.43313193 -1.32700241],[14.41320038 -2.75988173 -1.23786461]
[ -3.27440977 -15.56815434  -1.46023786],[ -3.44934678 -15.82219028  -1.28623199],[ -3.43955684 -15.89618111  -1.19622445]
[-16.26762772   1.9722414   -1.57451069],[-16.23379135   2.17023039  -1.57347918],[-16.4005909    2.22041965  -1.69237685]
[ 1.77731190e+01 -1.59890112e-02 -1.65499425e+00],[17.44832611 -0.04297017 -1.62098444],[ 1.84641075e+01 -1.49899023e-02 -1.61299479e+00]
[-4.11493206 -8.09612465 -0.87374115],[-3.80596471 -8.42515945 -0.83271456],[-3.71061873 -8.32513905 -0.92871004]
[ 3.33985424  5.58911133 -0.61241859],[ 3.9331944   5.49854994 -0.51725566],[ 3.9562676   5.52255487 -0.60825562]
[ 7.06885195 -2.4659977  -0.71343207],[ 7.47759485 -2.59197831 -0.91441399],[ 7.58000088 -2.52807236 -0.8164658 ]
[ 0.1526031  -6.43249226 -0.61919165],[ 0.26729488 -6.57056713 -0.72720784],[-0.02665114 -6.70941114 -0.6551109 ]
[-17.36894798  21.32050705  -2.64847946],[-16.53177261  21.63895416  -2.62180519],[-16.53052902  21.70895576  -2.6277957 ]
[16.80275536  0.03097805 -1.66401148],[16.51955223  0.05595996 -1.63202083],[ 1.74179077e+01  1.19916657e-02 -1.61800432e+00]
[-4.70887709 13.38215923 -1.36850989],[-4.52691507 13.49611473 -1.28153455],[-4.5125618  13.55810642 -1.19952714]
[-6.20864964 16.37998199 -1.7365768 ],[-6.52734518 16.5020771  -1.5364598 ],[-6.23492336 16.64196777 -1.42652512]
[ -7.48846817 -11.13794041  -1.3022083 ],[ -6.98206997 -11.4207859   -1.38007808],[ -6.85836124 -11.25068855  -1.27406168]
[-17.67416191  -2.08639646  -1.81771791],[-17.40356064  -2.42314863  -1.79249263],[-17.66532707  -2.7494173   -1.82655859]
[ -7.14476204 -10.82272625  -1.25214803],[ -6.79824543 -11.11062241  -1.17005706],[ -6.77337885 -11.08659363  -1.08605313]
[13.87357903 -2.48304892 -1.35995817],[13.9327879 -2.5160284 -1.3669467],[13.7446022  -2.46205664 -1.51096177]
[ 2.77621627  8.66757488 -0.9287684 ],[ 3.40254354  8.62181664 -0.77770907],[ 3.46270037  8.53887272 -0.83369988]
[-4.07541513 -8.09412575 -0.92373788],[-3.71061873 -8.32513905 -0.92871004],[-3.80596471 -8.42515945 -0.83271456]
[ 3.28808308  5.48014545 -0.6314109 ],[ 3.9331944   5.49854994 -0.51725566],[ 3.9562676   5.52255487 -0.60825562]
[-2.50789976 -7.00874376 -0.75970471],[-2.27226138 -7.24880886 -0.59571755],[-2.31579375 -7.29881716 -0.60271454]
[15.92077541  0.02698029 -1.66401029],[15.67739582 -0.04696538 -1.63498199],[16.51955223  0.05595996 -1.63202083]
[-17.72851372  -2.15045261  -1.82473242],[-17.40356064  -2.42314863  -1.79249263],[-17.66532707  -2.7494173   -1.82655859]
[-4.63709354 13.14712143 -1.42656994],[-4.52691507 13.49611473 -1.28153455],[-4.31593895 13.22701836 -1.16263306]
[ 5.91868877 13.6631813  -1.55468941],[ 5.68320131 13.90506649 -1.28568387],[ 5.61371374 13.90104008 -1.09668267]
[13.50326061 -2.28017735 -1.4000299 ],[13.567029   -2.47503138 -1.48994863],[13.40965557 -2.51099038 -1.54192615]
[13.84084988 -2.29319406 -1.43903768],[13.82359314 -2.15729809 -1.43509483],[13.7446022  -2.46205664 -1.51096177]
[-13.79841423   7.14480782  -1.67152643],[-13.64067364   6.92868757  -1.82364905],[-14.13925934   7.33412123  -1.79932427]
[-4.41637993 12.51499271 -1.42473805],[-4.24652624 12.92105007 -1.72070396],[-4.00039577 12.8839798  -1.61476684]
[-4.34335995 -8.31624413 -1.01276028],[-4.11745167 -8.68326473 -0.80973399],[-3.89647269 -8.54720402 -0.84971893]
[ 3.33205056  5.55513334 -0.6884141 ],[ 3.95053768  5.48857927 -0.67924929],[ 3.9562676   5.52255487 -0.60825562]
[-2.0353291  -6.87577581 -0.77373844],[-1.91461718 -7.09984303 -0.70674789],[-1.91851568 -7.08983374 -0.66374767]
[ 4.85827017 -6.21849871 -0.8518374 ],[ 4.83191538 -6.24446821 -0.85281843],[ 4.97967815 -6.31750298 -0.87283117]
[-16.86124611  -4.13675261  -1.87582839],[-16.77249908  -5.09673023  -1.89358604],[-15.62487125  -4.47268009  -1.92512703]
[15.23617744  0.0949289  -1.67103684],[15.08338642  0.06994729 -1.6530273 ],[15.54777145  0.02698002 -1.62001038]
[-15.38614559   5.80692959  -1.7790575 ],[-15.36806583   5.69089985  -1.7710923 ],[-15.14161682   5.90073252  -1.75515759]
[-15.83634377  -0.047485    -1.79517961],[-1.59319735e+01  3.42117972e-03 -1.80724549e+00],[-1.53500872e+01 -1.20045515e-02 -1.81591308e+00]
[13.61067295 -2.13230276 -1.4890976 ],[13.82359314 -2.15729809 -1.43509483],[13.86641026 -2.03839445 -1.51814687]
[ -7.17384052 -10.89878082  -1.41815019],[ -6.85210133 -11.19770145  -1.42606342],[ -6.76270008 -11.15364456  -1.34004712]
[-5.75636339 13.72654152 -1.69517052],[-5.29105663 13.88542175 -1.69326913],[-5.28599501 13.9114542  -1.90026581]
[-14.59075928   8.13358593  -1.89994085],[-14.72803116   7.90164757  -1.81592441],[-13.71129417   7.98990583  -1.9023813 ]
[-3.90611005 -8.01409531 -1.01472557],[-3.71061873 -8.32513905 -0.92871004],[-3.68995905 -8.33312988 -0.87570876]
[ 8.23480511 -8.01884174 -1.25789177],[ 8.49361515 -7.45326662 -1.31216633],[ 8.78555107 -7.69920588 -1.2821188 ]
[ 3.31319284  5.50915194 -0.72541004],[ 3.95053768  5.48857927 -0.67924929],[ 3.9562676   5.52255487 -0.60825562]
[ 3.33699775  5.46919298 -0.72239625],[ 3.95053768  5.48857927 -0.67924929],[ 3.9562676   5.52255487 -0.60825562]
[-5.18553686 14.08141613 -1.71226251],[-5.24895906 14.09041214 -1.55424392],[-5.29105663 13.88542175 -1.69326913]
[-5.82274008 13.76656914 -1.70314455],[-5.29105663 13.88542175 -1.69326913],[-5.28599501 13.9114542  -1.90026581]
[-14.87972546   8.42184925  -1.94974542],[-14.91173077   8.03281021  -1.84381008],[-14.07012367   9.14334011  -2.02697492]
[-15.30445385  -0.06096238  -1.80987608],[-1.53500872e+01 -1.20045515e-02 -1.81591308e+00],[-14.70966911  -0.08738276  -1.83853459]
[14.34171772 -1.81359899 -1.64725637],[14.29950905 -1.78561783 -1.6412667 ],[14.49608803 -1.76364577 -1.66528141]
[11.20430374  5.55034399 -1.49718606],[11.27750874  5.56434965 -1.5061841 ],[11.0605545   5.34346676 -1.55013466]
[-7.31237841 -8.27826881 -1.31430531],[-6.63710356 -8.33998108 -1.25913978],[-6.59719324 -8.30597687 -1.37413168]
[-4.58310795 12.74708939 -1.62065578],[-4.24652624 12.92105007 -1.72070396],[-4.21423674 12.93706799 -1.87970853]
[ 2.79624605  8.03676891 -1.01875532],[ 3.46358395  7.98908186 -1.04767251],[ 3.47779965  8.16602135 -1.01068079]
[ 3.33972502  5.59911728 -0.76842046],[ 3.95053768  5.48857927 -0.67924929],[ 3.9562676   5.52255487 -0.60825562]
[ 6.94041395 -3.74060154 -0.9426496 ],[ 7.49654818 -3.56596971 -0.81185216],[ 7.67726994 -3.77083492 -0.94476932]
[ 5.18805599 12.31137943 -1.61568832],[ 4.62205076 11.70739937 -1.51069391],[ 4.63430405 11.65842724 -1.64769375]
[-4.79872417 13.10519314 -1.67553735],[-4.4955759  13.27316475 -1.84158182],[-4.62184715 13.51922894 -1.88150704]
[-13.89383602   7.64199543  -1.90037203],[-13.71129417   7.98990583  -1.9023813 ],[-14.13925934   7.33412123  -1.79932427]
[-14.76848316  -0.06444075  -1.8475728 ],[-14.70966911  -0.08738276  -1.83853459],[-1.45899057e+01  7.43815862e-03 -1.87397349e+00]
[13.3682642  -2.05234933 -1.62112296],[13.28406715 -1.81653202 -1.69622231],[13.39225483 -2.46602535 -1.6329447 ]
[ 1.40200386e+01 -3.99685698e-03 -1.69199836e+00],[14.4386673  -0.07294361 -1.64697075],[13.76006413 -0.63049859 -1.65773845]
[-13.0851326    7.31133986  -1.88281989],[-12.95119476   7.23322392  -1.86089921],[-13.35581779   7.36553621  -1.81868303]
[ 7.62919378 -7.47795916 -1.2999903 ],[ 8.01042461 -7.01438522 -1.34325814],[ 8.19510651 -7.14136553 -1.32724011]
[-3.96590424 -8.11515045 -1.13472927],[-3.71061873 -8.32513905 -0.92871004],[-3.68995905 -8.33312988 -0.87570876]
[ 6.81893253 -3.14417338 -0.94297612],[ 7.3546586  -3.05144858 -0.81112397],[ 7.47182798 -3.04649043 -0.82514548]
[-0.77638221 -7.11417007 -0.89890939],[-0.68417692 -7.13619709 -0.84792525],[-0.70849115 -7.02518082 -0.88392818]
[ 2.96447611 11.47309589 -1.49070895],[ 3.13345504 11.37814617 -1.48371267],[ 3.23738265 11.41817665 -1.63271105]
[-4.01570463 12.23990631 -1.61987936],[-3.76937556 12.52487373 -1.46888149],[-3.76020169 12.53785419 -1.32888114]
[-13.17687607   7.3904233   -1.89975989],[-13.35581779   7.36553621  -1.81868303],[-12.95119476   7.23322392  -1.86089921]
[-14.42642593  -2.08435702  -1.91896462],[-14.06917     -2.62109876  -1.94667363],[-14.37713814  -2.93641376  -1.93177617]
[12.67785645 -2.58985996 -1.62885606],[12.84934235 -2.37504959 -1.64696002],[13.39225483 -2.46602535 -1.6329447 ]
[11.59323692  5.30460835 -1.67407835],[11.77206421  5.18473148 -1.69002652],[11.81874943  5.57745266 -1.57314396]
[-5.15298367 13.3313446  -1.88040566],[-5.14773655 13.66238022 -1.86034715],[-5.13962984 13.66436291 -1.76234889]
[-13.4814167    9.16194153  -2.14423847],[-13.32933235   9.34484196  -2.06926894],[-13.40714359   9.70596504  -2.18216038]
[-4.04741955 -8.21018887 -1.15273476],[-3.89041281 -8.53322506 -1.00971878],[-3.71061873 -8.32513905 -0.92871004]
[-1.48889322e+01  7.74584571e-03 -1.91780448e+00],[-14.70966911  -0.08738276  -1.83853459],[-1.45899057e+01  7.43815862e-03 -1.87397349e+00]
[ 2.82956386  8.0627861  -1.12475216],[ 3.46358395  7.98908186 -1.04767251],[ 3.47779965  8.16602135 -1.01068079]
[-3.51485825 -7.76000261 -1.12070441],[-3.26012588 -8.03304482 -1.03869426],[-3.23354888 -8.04104614 -1.03869355]
[13.10593224  2.74578643 -1.76309896],[12.94764328  3.16244459 -1.75425994],[12.94722748  3.20641065 -1.75627601]
[ 5.07339907 11.91646194 -1.70768774],[ 4.63430405 11.65842724 -1.64769375],[ 4.62205076 11.70739937 -1.51069391]
[-13.6664257    9.4161129   -2.18710303],[-13.57375336   9.58505344  -2.11711049],[-13.40714359   9.70596504  -2.18216038]
[-14.06953144  -0.07076582  -1.91617692],[-14.0425396   -0.0667213   -1.84616268],[-13.85736179  -0.04654469  -1.88506222]
[-7.98651934 -8.83476925 -1.56846178],[-7.69109821 -9.30173016 -1.5893594 ],[-7.60893726 -9.32369518 -1.58333707]
[12.43122482  0.07293826 -1.70703185],[12.27542973  0.05295481 -1.68302321],[12.79574108  0.02497923 -1.67101073]
[10.2015276   6.06474924 -1.63242984],[10.45459461  6.31964159 -1.82747734],[10.65559006  5.99391174 -1.68736637]
[ 4.16193151  7.48061371 -1.12853396],[ 3.99521875  8.02431202 -1.19060838],[ 3.96489453  8.01829243 -1.08161163]
[-6.75646448 -8.85420513 -1.53215086],[-6.72412109 -8.75816631 -1.51814687],[-6.94027567 -9.08434296 -1.57718444]
[-12.81839561   8.23733234  -2.0957334 ],[-12.85899448   8.30233765  -1.93070078],[-12.50081348   8.62016678  -2.08879042]
[-0.29663584 -9.67351818 -1.28174961],[ 0.09385318 -9.69058418 -1.28279197],[ 0.1490611  -9.70758533 -1.21479654]
[ 7.28259373 -7.08008099 -1.34408247],[ 7.75536871 -6.78744602 -1.36730468],[ 8.01042461 -7.01438522 -1.34325814]
[ 5.40917206 11.44866753 -1.75667274],[ 5.77031088 11.46873951 -1.69166183],[ 5.86993027 11.53074074 -1.64766073]
[ 3.78129411 11.60625935 -1.68570411],[ 3.67328167 11.58923912 -1.67770505],[ 3.51605392 11.46124268 -1.79170883]
[-4.13310194 12.45898342 -1.80681336],[-3.89362836 12.8189497  -1.60280228],[-4.24652624 12.92105007 -1.72070396]
[-4.54107094 13.25318718 -1.94157434],[-4.4955759  13.27316475 -1.84158182],[-4.62184715 13.51922894 -1.88150704]
[-12.88891029   8.3414011   -2.11367893],[-12.85899448   8.30233765  -1.93070078],[-12.50081348   8.62016678  -2.08879042]
[-13.48438358  -0.05018653  -1.92985106],[-13.50238037  -0.05020512  -1.93286109],[-13.85736179  -0.04654469  -1.88506222]
[-6.79105091 -8.84121609 -1.53415918],[-6.72412109 -8.75816631 -1.51814687],[-6.94027567 -9.08434296 -1.57718444]
[ 4.78403997  5.32821798 -1.02701831],[ 5.08710861  5.39533615 -1.06697202],[ 5.17763042  5.35941696 -1.14694333]
[ 2.2824235  -6.65476322 -0.97983837],[ 2.18566799 -6.56373072 -0.96083081],[ 2.21337938 -6.44279242 -1.01087415]
[-0.75937414 -6.97216988 -0.98792177],[-0.72894305 -6.97519064 -1.05792749],[-0.58773065 -7.00223637 -0.98995399]
[ 8.08768368 -2.21653438 -1.19970822],[ 7.92298412 -2.25346255 -1.329669  ],[ 7.95103455 -2.26445842 -1.39566565]
[ 6.45125961 -6.33922815 -1.29621363],[ 6.49141598 -6.30127144 -1.29624021],[ 6.59829903 -6.30330944 -1.18626487]
[ 5.77923727  5.47463131 -1.15385807],[ 5.64505672  5.27672672 -1.26282585],[ 5.72008228  5.42865372 -1.41985607]
[ 4.83765554  5.33524323 -1.0340085 ],[ 5.08710861  5.39533615 -1.06697202],[ 5.17763042  5.35941696 -1.14694333]
[ 2.75596213  8.64261246 -1.32877004],[ 3.39426303  8.63286495 -1.36171031],[ 3.46853638  7.99511623 -1.43767226]
[ 3.31068039 11.5731802  -1.79870617],[ 3.45144653 11.44623184 -1.7857095 ],[ 3.51605392 11.46124268 -1.79170883]
[-9.16594791 12.81689167 -2.35425186],[-8.77799892 12.68267822 -2.30241585],[-8.56530666 13.11364651 -2.34140635]
[-3.99891949 12.45297718 -1.94484448],[-3.67983437 12.4919405  -2.06490636],[-4.04788733 12.90604973 -2.01575232]
[-6.76079512 -7.94098091 -1.55817866],[-6.52103901 -8.19495106 -1.56411755],[-6.64354753 -8.29102898 -1.58814251]
[-12.58116341   8.13117123  -2.21086287],[-12.85899448   8.30233765  -1.93070078],[-12.50081348   8.62016678  -2.08879042]
[-0.20587896 -9.66554737 -1.40676022],[ 0.09385318 -9.69058418 -1.28279197],[ 0.1490611  -9.70758533 -1.21479654]
[ 6.79969645 -6.62418747 -1.36717033],[ 6.72309685 -6.3093667  -1.32429135],[ 6.49141598 -6.30127144 -1.29624021]
[ 1.14361267e+01 -1.09901885e-02 -1.69099498e+00],[11.31133842 -0.02897394 -1.67098665],[10.68233395 -0.02697482 -1.67598712]
[-0.27440616 -6.58832932 -0.9850589 ],[-0.18725672 -6.66437674 -0.99607402],[-0.33048669 -6.78631449 -0.95102793]
[-6.7785778  -7.93498755 -1.56018305],[-6.52103901 -8.19495106 -1.56411755],[-6.64354753 -8.29102898 -1.58814251]
[10.79030323  0.0569472  -1.69502711],[10.67750549  0.03996268 -1.67601907],[11.31133842 -0.02897394 -1.67098665]
[ 5.77861261  5.44066143 -1.22884846],[ 5.72008228  5.42865372 -1.41985607],[ 5.64505672  5.27672672 -1.26282585]
[ 4.59715176 10.78366375 -1.86668658],[ 4.29993963 10.84856987 -1.8576982 ],[ 4.03935337 10.30164337 -1.85370302]
[ 3.60323834 11.34729481 -1.89671063],[ 3.51605392 11.46124268 -1.79170883],[ 3.45144653 11.44623184 -1.7857095 ]
[-8.26906776 12.37240887 -2.36165237],[-7.79172134 12.52922344 -2.34278083],[-8.77799892 12.68267822 -2.30241585]
[-1.26989164e+01  6.57955045e-03 -1.94904184e+00],[-1.27969151e+01  7.68122869e-03 -1.96598613e+00],[-13.50238037  -0.05020512  -1.93286109]
[-7.28934336 -7.14601278 -1.6303333 ],[-7.28629351 -6.91395569 -1.69533777],[-7.35247421 -6.88798141 -1.70035708]
[ 3.65165567 -6.32375717 -1.09141147],[ 3.67824769 -6.32677174 -1.09341931],[ 3.61219645 -6.3097496  -1.20240355]
[-0.03636084 -6.76045322 -1.01110291],[-0.18725672 -6.66437674 -0.99607402],[ 0.09987692 -6.62952042 -1.04715359]
[ 1.07931223e+01 -9.99073777e-03 -1.69499528e+00],[10.68233395 -0.02697482 -1.67598712],[11.31133842 -0.02897394 -1.67098665]
[-1.25310993 -6.72998142 -1.09384358],[-1.14464533 -6.86604977 -1.16585696],[-0.99452233 -6.85808897 -1.10688376]
[-7.34571123 -7.13103676 -1.63634932],[-7.28629351 -6.91395569 -1.69533777],[-7.35247421 -6.88798141 -1.70035708]
[10.23236752  0.04895297 -1.69102407],[10.1255827   0.03196907 -1.67201591],[10.67750549  0.03996268 -1.67601907]
[ 5.75285578  5.39468813 -1.29083991],[ 5.72008228  5.42865372 -1.41985607],[ 5.64505672  5.27672672 -1.26282585]
[ 4.39699602 10.32573986 -1.88168621],[ 4.03935337 10.30164337 -1.85370302],[ 4.29993963 10.84856987 -1.8576982 ]
[-7.67041779 11.6670351  -2.32899356],[-7.14968443 11.77484035 -2.29813695],[-7.27274227 12.13493538 -2.24102569]
[-7.28418064 11.33580971 -2.24418569],[-7.14968443 11.77484035 -2.29813695],[-6.7784586  11.25261021 -2.28135824]
[-1.17638845e+01  4.63726185e-03 -1.89257061e+00],[-1.12990875e+01 -7.80444965e-03 -1.98683763e+00],[-11.76274586   0.65483552  -1.98034453]
[-7.36374903 -6.599895   -1.66836655],[-7.41992331 -6.46089363 -1.73538601],[-7.44685268 -6.37689734 -1.81839573]
[ 3.31387782  5.53516531 -1.08541489],[ 3.86821795  5.39761877 -1.07024825],[ 3.90121388  5.44460344 -1.02025104]
[-11.80726814   2.08026719  -2.02284765],[-11.49905586   2.36906338  -1.97891283],[-12.37047863   1.80768204  -1.92064011]
[ 7.69806623 -2.25640941 -1.34964168],[ 7.76177359 -2.25741839 -1.15164852],[ 7.89463234 -2.28741384 -1.05464602]
[-7.38453865 -6.59690475 -1.67137277],[-7.41992331 -6.46089363 -1.73538601],[-7.44685268 -6.37689734 -1.81839573]
[ 9.88357258  0.03196857 -1.70201612],[ 9.75618935 -0.01398612 -1.67799294],[10.1255827   0.03196907 -1.67201591]
[ 5.78829432  5.38971281 -1.35383177],[ 5.72008228  5.42865372 -1.41985607],[ 5.64505672  5.27672672 -1.26282585]
[ 4.24492645  9.96679974 -1.89368546],[ 3.90045357  9.90471077 -1.85870421],[ 4.03935337 10.30164337 -1.85370302]
[-6.83212805 10.86155128 -2.22442484],[-6.7784586  11.25261021 -2.28135824],[-6.29406404 10.74634933 -2.26460671]
[-7.29761887 11.10978603 -2.30822897],[-6.7784586  11.25261021 -2.28135824],[-7.14968443 11.77484035 -2.29813695]
[-2.0137713  -6.91585541 -1.21574032],[-1.7533344  -7.10995293 -1.23576438],[-1.93162394 -7.20995665 -1.32974446]
[-11.78982162   2.1142602   -2.02184582],[-11.49905586   2.36906338  -1.97891283],[-12.37047863   1.80768204  -1.92064011]
[ 3.28745699  5.53215313 -1.13942099],[ 3.86821795  5.39761877 -1.07024825],[ 3.90121388  5.44460344 -1.02025104]
[-2.03242707 -6.91786242 -1.28173852],[-1.93162394 -7.20995665 -1.32974446],[-1.97307241 -7.2409482  -1.27074015]
[ 7.68009043 -2.25241113 -1.41664195],[ 7.91886902 -2.30840445 -1.39163649],[ 7.95103455 -2.26445842 -1.39566565]
[ 7.57250214 -4.08352613 -1.52758002],[ 7.64898682 -4.23241711 -1.55451417],[ 7.76274204 -3.77287674 -1.39478266]
[ 9.39486027  0.00998983 -1.69500518],[ 9.31665993  0.02397545 -1.67901254],[ 9.74436283  0.04695337 -1.67602372]
[-9.26209164 -3.15502    -1.74521089],[-9.34370136 -3.06405735 -1.7542547 ],[-9.71939659 -3.25541544 -1.75341403]
[ 5.73388815  5.37270355 -1.41383719],[ 5.72008228  5.42865372 -1.41985607],[ 5.67483807  5.31972504 -1.56483293]
[ 4.0003581   9.49186516 -1.88668764],[ 3.67490268  9.43277264 -1.85170925],[ 3.90045357  9.90471077 -1.85870421]
[-6.64944124 10.54243183 -2.2645483 ],[-6.29406404 10.74634933 -2.26460671],[-6.33797693 11.00540161 -2.20253897]
[-5.11788464 10.75400066 -2.16491532],[-5.30883169 10.54700756 -2.14391184],[-5.45372629 11.22916889 -2.16673279]
[-10.65777302   4.58501768  -2.06263018],[-10.80917358   4.43609285  -2.07660532],[-10.82561302   4.40409708  -2.07760739]
[-8.50980568 -3.75965524 -1.73684764],[-8.50582504 -3.67562175 -1.73084939],[-8.51204777 -3.61360335 -1.72685456]
[ 9.41328049 -0.01997969 -1.69798958],[ 9.31507015e+00 -4.99488413e-03 -1.67899740e+00],[ 9.74436283  0.04695337 -1.67602372]
[-10.51973534   1.97309923  -1.99854267],[-10.48277283   1.96708572  -2.08756375],[-10.49811554   2.16916847  -2.10048485]
[-0.71618742 -6.54816341 -1.22995651],[-0.54107457 -6.71726036 -1.25998485],[-0.70994228 -6.82219887 -1.20494115]
[ 6.70490408 -3.02827239 -1.37402534],[ 6.9573884  -3.54882836 -1.6717633 ],[ 6.87291527 -3.66767669 -1.66667795]
[ 8.80874538  0.01698192 -1.68400919],[ 8.75553226  0.03096688 -1.67301679],[ 8.42531395 -0.01997804 -1.68498874]
[-9.36693382 -1.26548815 -1.77740943],[-9.61008549 -1.31473672 -1.82553208],[-9.29319    -0.72225493 -1.86742032]
[ 3.30925322  5.48820066 -1.21040702],[ 3.86821795  5.39761877 -1.07024825],[ 3.90121388  5.44460344 -1.02025104]
[ 3.33486509  5.47022963 -1.21039701],[ 3.86821795  5.39761877 -1.07024825],[ 3.90121388  5.44460344 -1.02025104]
[-6.16799116  9.8971386  -2.24482918],[-5.68519783 10.07903099 -2.22991776],[-5.88776636 10.48616123 -2.18377495]
[-5.83186483  9.7129879  -2.17796183],[-5.68519783 10.07903099 -2.22991776],[-5.23506641  9.67082787 -2.21512175]
[-10.53929138   2.01012969  -2.0045197 ],[-10.48277283   1.96708572  -2.08756375],[-10.49811554   2.16916847  -2.10048485]
[-6.08676577 -5.87905884 -1.65702629],[-6.12327671 -6.15818644 -1.70103967],[-6.0600996  -6.17316484 -1.69402516]
[ 8.80016518 -0.01098829 -1.68199408],[ 8.75553226  0.03096688 -1.67301679],[ 8.42531395 -0.01997804 -1.68498874]
[-9.57839394  3.54188108 -1.99944937],[-9.88372135  3.16698861 -2.03243732],[-9.5502739   2.80459547 -2.01972055]
[-0.01567614 -6.67749786 -1.3071171 ],[ 0.04019521 -6.62452888 -1.35013771],[ 0.08818793 -6.61654472 -1.29315186]
[ 5.27757788 -5.44131565 -1.48431611],[ 5.16211128 -5.5211916  -1.48024321],[ 5.04062414 -5.84189081 -1.44105756]
[-6.14594078 -5.8600769  -1.66304028],[-6.08748293 -5.58396482 -1.76701987],[-6.12327671 -6.15818644 -1.70103967]
[ 8.52927208  0.04694887 -1.70802593],[ 8.42048168  0.03296376 -1.68401837],[ 8.75553226  0.03096688 -1.67301679]
[ 3.37984371  5.54421949 -1.29040003],[ 3.86821795  5.39761877 -1.07024825],[ 3.90121388  5.44460344 -1.02025104]
[-8.7080431   5.30591774 -2.00823784],[-8.1324873   5.67072058 -2.03134251],[-8.09263802  5.71671486 -2.03034258]
[-5.73626566  9.50392532 -2.23503494],[-5.23506641  9.67082787 -2.21512175],[-5.35908365  9.87989426 -2.16304493]
[-9.59184074  3.51288104 -2.000453  ],[-9.88372135  3.16698861 -2.03243732],[-9.5502739   2.80459547 -2.01972055]
[-5.70065403 -5.75786257 -1.65993452],[-5.6800127  -6.05197811 -1.70093858],[-5.64262486 -6.06997108 -1.69793129]
[-8.07642651  5.72370815 -2.02834654],[-8.09263802  5.71671486 -2.03034258],[-8.1324873   5.67072058 -2.03134251]
[ 7.96905422 -2.85585189 -1.68232703],[ 8.18775272 -2.51025963 -1.70555079],[ 7.92956161 -2.41929293 -1.56857324]
[-9.10995483e+00 -8.01905524e-03 -1.81907427e+00],[-8.91264153  0.01180215 -1.85017681],[-9.33474827e+00  7.22297840e-03 -1.86894071e+00]
[-0.57714999 -6.62724829 -1.36098289],[-0.56060255 -6.70327425 -1.43698132],[-0.58695102 -6.64626217 -1.47897935]
[-5.75382662 -5.73687506 -1.6649456 ],[-5.6800127  -6.05197811 -1.70093858],[-5.64262486 -6.06997108 -1.69793129]
[ 8.21242142  0.03595976 -1.7070204 ],[ 8.10120106  0.04894468 -1.68202806],[ 8.42048168  0.03296376 -1.68401837]
[-8.09786415  5.70071173 -2.02934575],[-8.09263802  5.71671486 -2.03034258],[-8.1324873   5.67072058 -2.03134251]
[-6.1225543  -5.18680811 -1.71701753],[-5.98625565 -5.29780865 -1.78198624],[-6.09015512 -5.29987049 -1.86901259]
[-0.41179419 -6.83934355 -1.40400457],[-0.39419779 -6.87134695 -1.35400593],[-0.40581131 -6.72831726 -1.25901496]
[ 6.59836483 -4.26598263 -1.6112808 ],[ 6.64130163 -4.22104311 -1.61331546],[ 6.56536102 -4.38185835 -1.55420959]
[-6.91031694  6.60547113 -2.04546976],[-6.83448505  6.61344194 -2.03449035],[-6.79863214  6.66144466 -2.03748703]
[-0.88689995 -6.63613653 -1.43191528],[-0.95877475 -6.74413157 -1.45989585],[-0.72641569 -6.76621866 -1.4559412 ]
[ 6.95075464 -3.50487041 -1.66578758],[ 6.9573884  -3.54882836 -1.6717633 ],[ 6.89371347 -3.66568708 -1.67068326]
[ 4.98154593 -4.18621778 -1.36488807],[ 5.0954361  -4.02745295 -1.54901707],[ 5.05740261 -3.818645   -1.5781306 ]
[-6.1727314  -5.16082001 -1.72202992],[-6.09015512 -5.29987049 -1.86901259],[-5.98625565 -5.29780865 -1.78198624]
[ 7.8665638   0.02597002 -1.69901514],[ 7.782372    0.036957   -1.68002176],[ 8.10120106  0.04894468 -1.68202806]
[-6.06251907 -4.80861855 -1.72598779],[-6.31373787 -4.86978626 -1.8490597 ],[-5.98625565 -5.29780865 -1.78198624]
[-5.11617661  8.82361031 -2.2143476 ],[-5.26163292  8.99167728 -2.17427325],[-4.62556458  8.98555088 -2.19641685]
[ 7.85940361 -0.0239723  -1.69698596],[ 7.7832036  -0.01198605 -1.67999291],[ 8.10203266e+00 -1.99774210e-03 -1.68199885e+00]
[-5.84361744  7.49140978 -2.11951566],[-5.55067873  7.56434965 -2.0935688 ],[-5.40778542  7.0311389  -2.06075335]
[-8.45482445e+00 -1.66805077e-03 -1.81044114e+00],[-8.08329964 -0.21789345 -1.83979666],[-8.86900234 -0.14463703 -1.86423993]
[-1.51804233 -6.5399189  -1.49780512],[-1.45366013 -6.62295818 -1.51381373],[-1.43707073 -6.64396858 -1.5168159 ]
[-8.15017128  0.03405155 -1.81859577],[-8.08329964 -0.21789345 -1.83979666],[-7.91649914  0.284971   -1.84060264]
[ 7.63943243 -1.3004781  -1.72921216],[ 7.6144762  -1.35740876 -1.72617567],[ 7.22553062 -2.08549738 -1.74968886]
[-6.16005611 -4.85068655 -1.75001609],[-6.31373787 -4.86978626 -1.8490597 ],[-5.98625565 -5.29780865 -1.78198624]
[ 7.59032154  0.03895384 -1.69802332],[ 7.55352783  0.02696793 -1.68901622],[ 7.782372    0.036957   -1.68002176]
[ 4.60271168  7.29497337 -1.96744466],[ 4.57147694  7.14803076 -1.93342888],[ 4.51606512  7.50582838 -1.92748499]
[-6.46336794 -4.40064764 -1.81608915],[-6.4613595  -4.3986454  -1.81608844],[-6.4829545  -4.3826499  -1.81809461]
[-6.23737812 -4.86074305 -1.83303785],[-6.31373787 -4.86978626 -1.8490597 ],[-5.98625565 -5.29780865 -1.78198624]
[ 7.60915661 -0.00898937 -1.70199466],[ 7.55352783  0.02696793 -1.68901622],[ 7.7832036  -0.01198605 -1.67999291]
[-5.59126711  6.9981761  -2.08071899],[-5.40778542  7.0311389  -2.06075335],[-5.38736486  7.05014038 -2.0617528 ]
[-1.17271364 -6.24796438 -1.47687161],[-1.06238973 -6.35002995 -1.49589121],[-1.04082167 -6.34603691 -1.49389577]
[-7.83333015  3.09444284 -1.9073745 ],[-7.9360857   3.15154529 -1.93630886],[-8.32563496  3.54199123 -1.97399557]
[-7.83203745  0.57405508 -1.82450593],[-7.91707373  0.30798477 -1.84059095],[-7.91649914  0.284971   -1.84060264]
[-7.79854155  0.01168827 -1.80680478],[-7.71592951 -0.11648383 -1.82159686],[-7.65864229  0.21568532 -1.85277903]
[ 7.21159697  0.02197295 -1.68201375],[ 7.16639185  0.03295924 -1.67102063],[ 7.54235029 -0.01997621 -1.68598795]
[-7.0999999  -2.26500034 -1.74626672],[-6.8042345  -2.24677491 -1.7551378 ],[-7.07331228 -2.67118835 -1.76926231]
[ 4.19232035  7.05589819 -1.9534775 ],[ 4.24315071  6.91198683 -1.84344912],[ 4.19877958  7.27278662 -1.84350407]
[-5.556427    7.04418325 -2.08471441],[-5.40778542  7.0311389  -2.06075335],[-5.38736486  7.05014038 -2.0617528 ]
[-5.43926144 -4.43517065 -1.69480705],[-5.22788429 -4.67124128 -1.84477615],[-5.43712616 -4.79937601 -1.82683122]
[ 7.22601795e+00 -9.98772564e-04 -1.68599939e+00],[ 7.16222143 -0.01198517 -1.66999245],[ 7.54235029 -0.01997621 -1.68598795]
[-5.33132362  6.67199707 -2.06287742],[-5.16927719  6.67495918 -2.03891301],[-5.14242506  6.72797394 -2.04590297]
[-7.84559488  0.59908307 -1.82848644],[-7.91707373  0.30798477 -1.84059095],[-7.91649914  0.284971   -1.84060264]
[-0.71795887 -6.12113476 -1.48797894],[-0.6691767  -6.18116856 -1.50198817],[-0.64959401 -6.17817736 -1.49999332]
[-7.53856087  0.36965823 -1.82276583],[-7.65864229  0.21568532 -1.85277903],[-7.91707373  0.30798477 -1.84059095]
[ 4.40291786 -3.19890404 -1.2753129 ],[ 4.40157127 -3.38068652 -1.24718952],[ 4.4003582  -3.41964388 -1.30916321]
[-5.4844451  -4.41317844 -1.70081651],[-5.22788429 -4.67124128 -1.84477615],[-5.43712616 -4.79937601 -1.82683122]
[ 6.9221797   0.0429455  -1.68102741],[ 6.86678839  0.01098597 -1.66700709],[ 6.6902566  -0.01298309 -1.69499159]
[ 3.2877264   5.498209   -1.56941438],[ 3.52675295  5.3914566  -1.82033193],[ 3.97583103  5.4796834  -1.80124116]
[ 4.01634836  6.75396204 -1.94746602],[ 4.24315071  6.91198683 -1.84344912],[ 4.50856638  6.67924976 -1.91636682]
[-5.30246782  6.72301006 -2.06886864],[-5.16927719  6.67495918 -2.03891301],[-5.14242506  6.72797394 -2.04590297]
[-4.79463625 -4.54200029 -1.65567899],[-4.82435846 -4.48098993 -1.72667885],[-4.9123106  -4.7041297  -1.70671523]
[ 6.92299986  0.         -1.68099999],[ 6.87921143 -0.01098599 -1.66999292],[ 6.6902566  -0.01298309 -1.69499159]
[-5.46187067  6.01477194 -2.03705359],[-5.29837847  6.05474615 -2.01707864],[-5.16927719  6.67495918 -2.03891301]
[-7.53800678  0.34664342 -1.82277787],[-7.65864229  0.21568532 -1.85277903],[-7.91707373  0.30798477 -1.84059095]
[ 0.0764651  -6.00255203 -1.50521779],[ 0.16838828 -6.04260921 -1.51624286],[ 0.18696089 -6.02861977 -1.51225066]
[-7.05876398  1.99028468 -1.83918953],[-7.07867622  2.05434108 -1.85015011],[-7.21957827  1.72524297 -1.86124587]
[ 4.78179359 -3.01138568 -1.39356959],[ 4.7860198  -2.92749834 -1.52662957],[ 4.88702679 -3.0394206  -1.52858281]
[-4.82381964 -4.51099205 -1.65668154],[-4.82435846 -4.48098993 -1.72667885],[-4.96460533 -4.48705339 -1.81870651]
[ 6.7082324   0.0389494  -1.70002556],[ 6.67342567  0.02896222 -1.69001913],[ 6.86678839  0.01098597 -1.66700709]
[ 3.33422565  5.52423048 -1.65440762],[ 3.52675295  5.3914566  -1.82033193],[ 3.97583103  5.4796834  -1.80124116]
[ 3.84618068  6.48601198 -1.94945836],[ 3.68518162  6.33099413 -1.80946672],[ 3.46653867  6.88759947 -1.82858062]
[-5.43202257  6.05778265 -2.04104662],[-5.29837847  6.05474615 -2.01707864],[-5.16927719  6.67495918 -2.03891301]
[-3.96093082 -4.85399485 -1.62859631],[-3.99307632 -4.9830718  -1.66061223],[-4.02811193 -4.64889622 -1.65658057]
[ 6.71305895e+00 -2.99610919e-03 -1.70099807e+00],[ 6.6902566  -0.01298309 -1.69499159],[ 6.86678839  0.01098597 -1.66700709]
[-4.64015055  6.39276886 -2.05410671],[-4.5255022   6.39875412 -2.03812551],[-4.48467684  6.42475939 -2.0381248 ]
[-7.13876867  1.85325968 -1.85022032],[-7.21214676  1.74625027 -1.86123908],[-7.21957827  1.72524297 -1.86124587]
[-0.56442213 -5.75916004 -1.50503886],[-0.50006837 -5.8222065  -1.52005434],[-0.47171405 -5.81722116 -1.51806295]
[-6.79850721  1.67488468 -1.80946028],[-6.88786077  1.73099446 -1.83939219],[-6.4741888   1.51353765 -1.82768869]
[ 4.63798857 -3.12216163 -1.42544663],[ 4.7417202  -3.12822843 -1.61447632],[ 4.7860198  -2.92749834 -1.52662957]
[ 6.43363047  0.01797588 -1.6820122 ],[ 6.42983532  0.00798928 -1.68100536],[ 6.22355413  0.02097114 -1.68501449]
[-6.2229619  -2.03823686 -1.74888003],[-6.58950758 -1.89241993 -1.75403047],[-6.3224082  -1.64006674 -1.74789798]
[ 3.31437421  5.47625065 -1.69740331],[ 3.52675295  5.3914566  -1.82033193],[ 3.97583103  5.4796834  -1.80124116]
[ 3.82122469  6.10220861 -1.92140114],[ 3.68518162  6.33099413 -1.80946672],[ 4.12444162  5.81755209 -1.8392812 ]
[-4.60131979  6.42277527 -2.05510473],[-4.5255022   6.39875412 -2.03812551],[-4.48467684  6.42475939 -2.0381248 ]
[-4.05072546 -4.50281239 -1.63156605],[-4.06827974 -4.63389444 -1.66158295],[-4.02811193 -4.64889622 -1.65658057]
[ 6.45404100e+00 -1.99732720e-03 -1.68799865e+00],[ 6.42983532  0.00798928 -1.68100536],[ 6.67342567  0.02896222 -1.69001913]
[-4.25931835  6.33870983 -2.05718899],[-4.10605526  6.33969688 -2.03521204],[-4.08685493  6.33069229 -2.03021789]
[-6.5997653   2.57935667 -1.84409583],[-6.62254667  2.60038543 -1.85207701],[-6.04294252  2.34887576 -1.8534205 ]
[-0.49172494 -5.59917927 -1.51406932],[-0.42837071 -5.65522623 -1.52808619],[-0.47171405 -5.81722116 -1.51806295]
[ 6.17257833 -1.68471372 -1.72381496],[ 6.17491722 -1.60381949 -1.71887147],[ 6.16610098 -1.80755329 -1.73172903]
[-5.87946272  3.85980511 -1.89475667],[-5.86325073  3.86179948 -1.89176059],[-5.82840252  3.88980174 -1.88775873]
[-4.08889055 -4.4858098  -1.63656819],[-4.06827974 -4.63389444 -1.66158295],[-4.02811193 -4.64889622 -1.65658057]
[ 6.24434423  0.03095751 -1.69102132],[ 6.22355413  0.02097114 -1.68501449],[ 6.42983532  0.00798928 -1.68100536]
[ 3.33489108  5.45828056 -1.75939453],[ 3.52675295  5.3914566  -1.82033193],[ 3.97583103  5.4796834  -1.80124116]
[ 3.91165185  5.88339424 -1.95434117],[ 4.12444162  5.81755209 -1.8392812 ],[ 4.26512623  6.04848623 -1.82929838]
[-4.21348619  6.35571289 -2.05519104],[-4.10605526  6.33969688 -2.03521204],[-4.08685493  6.33069229 -2.03021789]
[-3.73759651 -4.49076986 -1.62853658],[-3.72258878 -4.6158452  -1.65255117],[-4.02811193 -4.64889622 -1.65658057]
[-1.97318113  6.89007282 -1.99822819],[-1.97218323  6.88607216 -1.99722922],[-2.12383485  6.88203812 -2.00822783]
[-0.52787203 -5.60515928 -1.51705778],[-0.42837071 -5.65522623 -1.52808619],[-0.47171405 -5.81722116 -1.51806295]
[-1.50339735 -5.32558966 -1.54279733],[-1.48220038 -5.37161589 -1.55380344],[-1.44903266 -5.38163376 -1.55381119]
[ 3.85826492 -3.5680728  -1.41785371],[ 4.4003582  -3.41964388 -1.30916321],[ 4.42445135 -3.44264054 -1.42815673]
[ 6.05813074e+00 -5.99158043e-03 -1.67999578e+00],[ 6.05232763 -0.01497893 -1.67798936],[ 5.87811232e+00 -4.99281799e-03 -1.69799638e+00]
[-5.83890009  3.28842831 -1.86802554],[-5.90759277  3.23442507 -1.87802935],[-5.89701128  3.20539975 -1.87004626]
[-3.75317931 -4.47976542 -1.62953639],[-3.72258878 -4.6158452  -1.65255117],[-4.02811193 -4.64889622 -1.65658057]
[ 6.06334209  1.10347223 -1.71875238],[ 6.00572395  1.12243533 -1.7037698 ],[ 6.43028212  1.12251282 -1.71573353]
[ 3.74064589  5.43956757 -1.86728883],[ 3.52675295  5.3914566  -1.82033193],[ 3.97583103  5.4796834  -1.80124116]
[ 3.32548881  5.48126364 -1.81140137],[ 3.52675295  5.3914566  -1.82033193],[ 3.97583103  5.4796834  -1.80124116]
[-2.03741336  6.86705256 -1.99723268],[-1.97218323  6.88607216 -1.99722922],[-2.12383485  6.88203812 -2.00822783]
[-4.3026371  -3.95653868 -1.68452859],[-4.28502178 -4.1566658  -1.71955252],[-4.34600592 -4.15069199 -1.80756092]
[-1.47222221 -5.3406086  -1.54480469],[-1.48220038 -5.37161589 -1.55380344],[-1.44903266 -5.38163376 -1.55381119]
[-0.64411777 -5.3160429  -1.54303288],[-0.60135317 -5.36608028 -1.55604506],[-0.3689447  -5.26721859 -1.57212913]
[ 3.04216027 -4.57044792 -1.55291665],[ 3.0773809  -4.64042759 -1.57689881],[ 3.01699543 -4.31163216 -1.59703457]
[ 5.87611198 -0.4932909  -1.69964087],[ 5.86849689 -0.46533027 -1.696661  ],[ 5.8803606  -0.54921132 -1.7026    ]
[-5.59509516  3.29833555 -1.87109411],[-5.61030245  3.29634094 -1.8750906 ],[-5.61186218  3.3213594  -1.88007832]
[-4.32082796 -3.92252088 -1.68252683],[-4.28502178 -4.1566658  -1.71955252],[-4.34600592 -4.15069199 -1.80756092]
[ 5.88148355  0.02296698 -1.69901657],[ 5.86227894  0.03195395 -1.69302309],[ 5.72469997  0.01298094 -1.71000957]
[ 3.74192262  5.14976978 -1.8762207 ],[ 3.52675295  5.3914566  -1.82033193],[ 3.97583103  5.4796834  -1.80124116]
[ 5.76978254  1.5418117  -1.73806703],[ 6.00572395  1.12243533 -1.7037698 ],[ 6.43028212  1.12251282 -1.71573353]
[-3.37714171  6.2936902  -2.05931401],[-3.24009728  6.26768827 -2.03333354],[-3.12003946  6.03861904 -2.02340984]
[-3.3937428  -4.29563999 -1.6294924 ],[-3.41690707 -4.40471172 -1.65950882],[-3.11517453 -4.45075274 -1.66951251]
[ 5.89131355 -0.01397993 -1.70198989],[ 5.87811232e+00 -4.99281799e-03 -1.69799638e+00],[ 6.05232763 -0.01497893 -1.67798936]
[-3.30432582  6.02459669 -2.04540062],[-3.12003946  6.03861904 -2.02340984],[-3.08942127  6.04862642 -2.02240872]
[-5.58624411  3.33936071 -1.87607718],[-5.61186218  3.3213594  -1.88007832],[-5.61030245  3.29634094 -1.8750906 ]
[-0.379554   -5.21620226 -1.55612826],[-0.3689447  -5.26721859 -1.57212913],[-0.33676732 -5.26524019 -1.57014096]
[ 5.72118521 -0.96259511 -1.72728252],[ 5.71237803 -0.96958339 -1.72527635],[ 5.72050285 -0.88870132 -1.72333765]
[-5.4383831   3.08412361 -1.86124384],[-5.42517424  3.08712029 -1.85824621],[-5.41453123  3.11413622 -1.86023581]
[-3.43191624 -4.2866354  -1.63549221],[-3.41690707 -4.40471172 -1.65950882],[-3.11517453 -4.45075274 -1.66951251]
[ 5.73049307  0.02196777 -1.71201622],[ 5.72469997  0.01298094 -1.71000957],[ 5.86227894  0.03195395 -1.69302309]
[ 3.76025367  4.89796925 -1.88215041],[ 4.13542747  4.49854708 -1.86092782],[ 3.52675295  5.3914566  -1.82033193]
[ 4.00854349  5.02704144 -1.96411991],[ 4.40965033  5.01229572 -1.84101593],[ 4.31735516  5.34398842 -1.82912791]
[-3.06065893 -4.33868265 -1.6304971 ],[-3.08579946 -4.45475674 -1.66451359],[-3.11517453 -4.45075274 -1.66951251]
[-2.38396025  6.29483318 -2.01336694],[-2.0758605   6.54197979 -2.06030774],[-2.40446401  6.74495792 -2.07825279]
[ 5.72911549e+00 -4.99267364e-03 -1.71199632e+00],[ 5.72469997  0.01298094 -1.71000957],[ 5.86227894  0.03195395 -1.69302309]
[-3.35744262  5.59041357 -2.00353384],[-3.19356489  5.58642769 -1.97654581],[-3.17914701  5.60243654 -1.97954154]
[ 0.00842311 -5.03947401 -1.54829395],[ 0.14765322 -5.08658981 -1.56234789],[-0.1423876  -4.97335243 -1.57623661]
[ 2.98661494 -4.30860662 -1.59002149],[ 3.01699543 -4.31163216 -1.59703457],[ 2.78551245 -4.06761456 -1.58204687]
[ 5.33099651 -1.90613961 -1.7395159 ],[ 5.34137297 -1.88217711 -1.74053586],[ 5.3389225  -1.81726682 -1.73258424]
[-4.98006725  3.48826551 -1.86816442],[-4.9706645   3.50327373 -1.86815929],[-4.94581413  3.53128695 -1.86815155]
[-3.0822351  -4.3386817  -1.63549674],[-3.08579946 -4.45475674 -1.66451359],[-3.11517453 -4.45075274 -1.66951251]
[ 5.495327    0.02795761 -1.70102119],[ 5.4865427   0.01897119 -1.69701445],[ 5.31645346  0.0219658  -1.69101715]
[ 3.76980162  4.56124353 -1.86905015],[ 4.13542747  4.49854708 -1.86092782],[ 4.38601065  4.50670195 -1.85086405]
[ 4.32480145  4.45771313 -1.96586347],[ 4.38601065  4.50670195 -1.85086405],[ 4.13542747  4.49854708 -1.86092782]
[-3.31861615  5.60442352 -2.00153208],[-3.19356489  5.58642769 -1.97654581],[-3.17914701  5.60243654 -1.97954154]
[-2.55205917 -4.39980125 -1.61153662],[-2.55018282 -4.33276606 -1.64052689],[-2.53067589 -4.48786068 -1.63155115]
[-2.84349608  5.65551949 -2.0055387 ],[-2.7110281   5.65154409 -1.98554277],[-2.52859902  5.52554369 -1.98358154]
[ 0.02399442 -5.05448771 -1.55329907],[ 0.14765322 -5.08658981 -1.56234789],[-0.1423876  -4.97335243 -1.57623661]
[-4.96944618  3.51428151 -1.87015426],[-4.9706645   3.50327373 -1.86815929],[-4.94581413  3.53128695 -1.86815155]
[-0.18515676 -4.93631268 -1.56422162],[-0.1735402  -4.97732782 -1.57822347],[-0.1423876  -4.97335243 -1.57623661]
[ 5.30660439 -0.78777695 -1.69937873],[ 5.29795694 -0.71987981 -1.69343174],[ 5.32054186 -0.9095937  -1.71028388]
[-4.77822924  3.5462625  -1.88518107],[-4.75181484  3.54825711 -1.87818563],[-4.9706645   3.50327373 -1.86815929]
[ 5.32265234  0.01397825 -1.69201088],[ 5.31645346  0.0219658  -1.69101715],[ 5.4865427   0.01897119 -1.69701445]
[-4.58939409 -2.86788607 -1.76641679],[-4.59620142 -2.91392493 -1.77642632],[-4.61941004 -3.15110183 -1.7554704 ]
[ 3.85967135  4.53033733 -1.93601465],[ 4.13542747  4.49854708 -1.86092782],[ 4.38601065  4.50670195 -1.85086405]
[ 3.63697195  4.46123219 -1.86905789],[ 4.13542747  4.49854708 -1.86092782],[ 4.38601065  4.50670195 -1.85086405]
[-2.60373044 -4.24069452 -1.62450755],[-2.55018282 -4.33276606 -1.64052689],[-2.53067589 -4.48786068 -1.63155115]
[-2.61825895  5.53752613 -1.99957836],[-2.52859902  5.52554369 -1.98358154],[-2.7110281   5.65154409 -1.98554277]
[-4.77201223  3.55326605 -1.88517904],[-4.75181484  3.54825711 -1.87818563],[-4.9706645   3.50327373 -1.86815929]
[-0.18590154 -4.80629826 -1.57023036],[-0.12956581 -4.854352   -1.58525121],[-0.1423876  -4.97335243 -1.57623661]
[ 5.19203424 -0.78775585 -1.71436822],[ 5.1810832  -0.82769144 -1.71233511],[ 5.29795694 -0.71987981 -1.69343174]
[-4.23167658  4.01151228 -1.90305924],[-4.19885111  4.02852058 -1.8990562 ],[-4.75181484  3.54825711 -1.87818563]
